Time,Usage,UserID
2022-06-21 09:15:54.169922,3138839,1
2022-06-21 09:15:54.169922,16465568,2
2022-06-21 09:15:54.169922,19881089,3
2022-06-21 09:15:54.169922,11367374,4
2022-06-21 10:15:54.169953,4181370,1
2022-06-21 10:15:54.169953,1848486,2
2022-06-21 10:15:54.169953,4150803,3
2022-06-21 10:15:54.169953,12613136,4
2022-06-21 11:15:54.169963,9763692,1
2022-06-21 11:15:54.169963,14697540,2
2022-06-21 11:15:54.169963,5562071,3
2022-06-21 11:15:54.169963,27210472,4
2022-06-21 12:15:54.169971,3730856,1
2022-06-21 12:15:54.169971,4109653,2
2022-06-21 12:15:54.169971,27891820,3
2022-06-21 12:15:54.169971,14703977,4
2022-06-21 13:15:54.169980,4449607,1
2022-06-21 13:15:54.169980,16205903,2
2022-06-21 13:15:54.169980,17741711,3
2022-06-21 13:15:54.169980,21802073,4
2022-06-21 14:15:54.169989,4762349,1
2022-06-21 14:15:54.169989,15408489,2
2022-06-21 14:15:54.169989,22126456,3
2022-06-21 14:15:54.169989,34013933,4
2022-06-21 15:15:54.169998,3102940,1
2022-06-21 15:15:54.169998,14934199,2
2022-06-21 15:15:54.169998,18810421,3
2022-06-21 15:15:54.169998,7474636,4
2022-06-21 16:15:54.170007,7903487,1
2022-06-21 16:15:54.170007,4632167,2
2022-06-21 16:15:54.170007,3992139,3
2022-06-21 16:15:54.170007,28818237,4
2022-06-21 17:15:54.170015,9056224,1
2022-06-21 17:15:54.170015,8350681,2
2022-06-21 17:15:54.170015,24160928,3
2022-06-21 17:15:54.170015,706797,4
2022-06-21 18:15:54.170024,2733800,1
2022-06-21 18:15:54.170024,12333783,2
2022-06-21 18:15:54.170024,19201119,3
2022-06-21 18:15:54.170024,2595249,4
2022-06-21 19:15:54.170032,5500917,1
2022-06-21 19:15:54.170032,6407510,2
2022-06-21 19:15:54.170032,12830102,3
2022-06-21 19:15:54.170032,12451017,4
2022-06-21 20:15:54.170040,2425510,1
2022-06-21 20:15:54.170040,15809958,2
2022-06-21 20:15:54.170040,8958967,3
2022-06-21 20:15:54.170040,22105793,4
2022-06-21 21:15:54.170050,1360168,1
2022-06-21 21:15:54.170050,19333336,2
2022-06-21 21:15:54.170050,27686190,3
2022-06-21 21:15:54.170050,10343676,4
2022-06-21 22:15:54.170059,1483742,1
2022-06-21 22:15:54.170059,14628972,2
2022-06-21 22:15:54.170059,7284825,3
2022-06-21 22:15:54.170059,12574622,4
2022-06-21 23:15:54.170068,4780739,1
2022-06-21 23:15:54.170068,3258653,2
2022-06-21 23:15:54.170068,14587238,3
2022-06-21 23:15:54.170068,28464055,4
2022-06-22 00:15:54.170076,549579,1
2022-06-22 00:15:54.170076,8961728,2
2022-06-22 00:15:54.170076,2840395,3
2022-06-22 00:15:54.170076,20568346,4
2022-06-22 01:15:54.170084,9383926,1
2022-06-22 01:15:54.170084,10223254,2
2022-06-22 01:15:54.170084,997309,3
2022-06-22 01:15:54.170084,34561416,4
2022-06-22 02:15:54.170092,1813259,1
2022-06-22 02:15:54.170092,8214305,2
2022-06-22 02:15:54.170092,22023715,3
2022-06-22 02:15:54.170092,10690691,4
2022-06-22 03:15:54.170100,6887510,1
2022-06-22 03:15:54.170100,12934088,2
2022-06-22 03:15:54.170100,15061141,3
2022-06-22 03:15:54.170100,32465247,4
2022-06-22 04:15:54.170109,947295,1
2022-06-22 04:15:54.170109,14695907,2
2022-06-22 04:15:54.170109,18060930,3
2022-06-22 04:15:54.170109,8624706,4
2022-06-22 05:15:54.170117,351926,1
2022-06-22 05:15:54.170117,15518437,2
2022-06-22 05:15:54.170117,15686285,3
2022-06-22 05:15:54.170117,16246882,4
2022-06-22 06:15:54.170125,52426,1
2022-06-22 06:15:54.170125,14529542,2
2022-06-22 06:15:54.170125,7379202,3
2022-06-22 06:15:54.170125,25086798,4
2022-06-22 07:15:54.170134,7459557,1
2022-06-22 07:15:54.170134,1428688,2
2022-06-22 07:15:54.170134,6190614,3
2022-06-22 07:15:54.170134,14712748,4
2022-06-22 08:15:54.170143,4181235,1
2022-06-22 08:15:54.170143,1241245,2
2022-06-22 08:15:54.170143,6466555,3
2022-06-22 08:15:54.170143,36999378,4
2022-06-22 09:15:54.170152,9933738,1
2022-06-22 09:15:54.170152,17225855,2
2022-06-22 09:15:54.170152,19039949,3
2022-06-22 09:15:54.170152,27037873,4
2022-06-22 10:15:54.170160,8968839,1
2022-06-22 10:15:54.170160,15132235,2
2022-06-22 10:15:54.170160,12890803,3
2022-06-22 10:15:54.170160,28481798,4
2022-06-22 11:15:54.170169,378468,1
2022-06-22 11:15:54.170169,10360426,2
2022-06-22 11:15:54.170169,6155982,3
2022-06-22 11:15:54.170169,22035047,4
2022-06-22 12:15:54.170178,1696556,1
2022-06-22 12:15:54.170178,12798682,2
2022-06-22 12:15:54.170178,15553089,3
2022-06-22 12:15:54.170178,20613011,4
2022-06-22 13:15:54.170187,9360091,1
2022-06-22 13:15:54.170187,13949240,2
2022-06-22 13:15:54.170187,11353959,3
2022-06-22 13:15:54.170187,14449334,4
2022-06-22 14:15:54.170195,6486111,1
2022-06-22 14:15:54.170195,15660217,2
2022-06-22 14:15:54.170195,15070195,3
2022-06-22 14:15:54.170195,27305260,4
2022-06-22 15:15:54.170203,9579430,1
2022-06-22 15:15:54.170203,14860947,2
2022-06-22 15:15:54.170203,13830272,3
2022-06-22 15:15:54.170203,2982519,4
2022-06-22 16:15:54.170211,1115648,1
2022-06-22 16:15:54.170211,16367360,2
2022-06-22 16:15:54.170211,7454282,3
2022-06-22 16:15:54.170211,21860513,4
2022-06-22 17:15:54.170219,440133,1
2022-06-22 17:15:54.170219,16081563,2
2022-06-22 17:15:54.170219,10716508,3
2022-06-22 17:15:54.170219,31166058,4
2022-06-22 18:15:54.170228,4393439,1
2022-06-22 18:15:54.170228,11149427,2
2022-06-22 18:15:54.170228,14364892,3
2022-06-22 18:15:54.170228,12724552,4
2022-06-22 19:15:54.170237,2768894,1
2022-06-22 19:15:54.170237,6681597,2
2022-06-22 19:15:54.170237,2451040,3
2022-06-22 19:15:54.170237,31190118,4
2022-06-22 20:15:54.170245,9132490,1
2022-06-22 20:15:54.170245,19494080,2
2022-06-22 20:15:54.170245,21660694,3
2022-06-22 20:15:54.170245,10642159,4
2022-06-22 21:15:54.170254,3045924,1
2022-06-22 21:15:54.170254,19440223,2
2022-06-22 21:15:54.170254,20315312,3
2022-06-22 21:15:54.170254,36904706,4
2022-06-22 22:15:54.170262,5052945,1
2022-06-22 22:15:54.170262,3236112,2
2022-06-22 22:15:54.170262,1742867,3
2022-06-22 22:15:54.170262,31050367,4
2022-06-22 23:15:54.170271,2234671,1
2022-06-22 23:15:54.170271,13896804,2
2022-06-22 23:15:54.170271,10734877,3
2022-06-22 23:15:54.170271,13820841,4
2022-06-23 00:15:54.170279,5995462,1
2022-06-23 00:15:54.170279,6376621,2
2022-06-23 00:15:54.170279,8306946,3
2022-06-23 00:15:54.170279,12809149,4
2022-06-23 01:15:54.170287,8160667,1
2022-06-23 01:15:54.170287,11385047,2
2022-06-23 01:15:54.170287,8948159,3
2022-06-23 01:15:54.170287,32781911,4
2022-06-23 02:15:54.170296,2273059,1
2022-06-23 02:15:54.170296,4339625,2
2022-06-23 02:15:54.170296,17478278,3
2022-06-23 02:15:54.170296,27838220,4
2022-06-23 03:15:54.170304,4759265,1
2022-06-23 03:15:54.170304,13479750,2
2022-06-23 03:15:54.170304,7711123,3
2022-06-23 03:15:54.170304,3826056,4
2022-06-23 04:15:54.170313,5197406,1
2022-06-23 04:15:54.170313,8842794,2
2022-06-23 04:15:54.170313,28533605,3
2022-06-23 04:15:54.170313,6482246,4
2022-06-23 05:15:54.170323,2265158,1
2022-06-23 05:15:54.170323,6331141,2
2022-06-23 05:15:54.170323,2345972,3
2022-06-23 05:15:54.170323,29306285,4
2022-06-23 06:15:54.170332,4539183,1
2022-06-23 06:15:54.170332,16198850,2
2022-06-23 06:15:54.170332,3550828,3
2022-06-23 06:15:54.170332,21048552,4
2022-06-23 07:15:54.170340,5534231,1
2022-06-23 07:15:54.170340,14850892,2
2022-06-23 07:15:54.170340,28368971,3
2022-06-23 07:15:54.170340,33451578,4
2022-06-23 08:15:54.170356,4396776,1
2022-06-23 08:15:54.170356,13055449,2
2022-06-23 08:15:54.170356,18313460,3
2022-06-23 08:15:54.170356,14178624,4
2022-06-23 09:15:54.170367,5751869,1
2022-06-23 09:15:54.170367,8653552,2
2022-06-23 09:15:54.170367,17349649,3
2022-06-23 09:15:54.170367,21093256,4
2022-06-23 10:15:54.170376,6732082,1
2022-06-23 10:15:54.170376,14196826,2
2022-06-23 10:15:54.170376,21345947,3
2022-06-23 10:15:54.170376,11312730,4
2022-06-23 11:15:54.170385,2370203,1
2022-06-23 11:15:54.170385,16402507,2
2022-06-23 11:15:54.170385,29347859,3
2022-06-23 11:15:54.170385,6596187,4
2022-06-23 12:15:54.170394,7916892,1
2022-06-23 12:15:54.170394,2990182,2
2022-06-23 12:15:54.170394,24317960,3
2022-06-23 12:15:54.170394,22101714,4
2022-06-23 13:15:54.170403,2677562,1
2022-06-23 13:15:54.170403,2472702,2
2022-06-23 13:15:54.170403,14860622,3
2022-06-23 13:15:54.170403,35882436,4
2022-06-23 14:15:54.170412,7100186,1
2022-06-23 14:15:54.170412,2898579,2
2022-06-23 14:15:54.170412,19757641,3
2022-06-23 14:15:54.170412,14901998,4
2022-06-23 15:15:54.170420,3660176,1
2022-06-23 15:15:54.170420,10561681,2
2022-06-23 15:15:54.170420,4358781,3
2022-06-23 15:15:54.170420,11839256,4
2022-06-23 16:15:54.170429,8955012,1
2022-06-23 16:15:54.170429,5555575,2
2022-06-23 16:15:54.170429,21850959,3
2022-06-23 16:15:54.170429,37063852,4
2022-06-23 17:15:54.170438,2833986,1
2022-06-23 17:15:54.170438,4090785,2
2022-06-23 17:15:54.170438,25544642,3
2022-06-23 17:15:54.170438,36909548,4
2022-06-23 18:15:54.170446,4589157,1
2022-06-23 18:15:54.170446,14103672,2
2022-06-23 18:15:54.170446,14193866,3
2022-06-23 18:15:54.170446,10730449,4
2022-06-23 19:15:54.170454,7739174,1
2022-06-23 19:15:54.170454,7192606,2
2022-06-23 19:15:54.170454,14376132,3
2022-06-23 19:15:54.170454,1563854,4
2022-06-23 20:15:54.170463,6925160,1
2022-06-23 20:15:54.170463,8531153,2
2022-06-23 20:15:54.170463,10523820,3
2022-06-23 20:15:54.170463,25003153,4
2022-06-23 21:15:54.170471,594165,1
2022-06-23 21:15:54.170471,13216590,2
2022-06-23 21:15:54.170471,4949101,3
2022-06-23 21:15:54.170471,18830695,4
2022-06-23 22:15:54.170479,5404267,1
2022-06-23 22:15:54.170479,4876686,2
2022-06-23 22:15:54.170479,24727507,3
2022-06-23 22:15:54.170479,13779938,4
2022-06-23 23:15:54.170487,1075412,1
2022-06-23 23:15:54.170487,18957459,2
2022-06-23 23:15:54.170487,24599711,3
2022-06-23 23:15:54.170487,29215201,4
2022-06-24 00:15:54.170495,8719898,1
2022-06-24 00:15:54.170495,9202058,2
2022-06-24 00:15:54.170495,14709543,3
2022-06-24 00:15:54.170495,34291895,4
2022-06-24 01:15:54.170503,4719407,1
2022-06-24 01:15:54.170503,12382969,2
2022-06-24 01:15:54.170503,19502347,3
2022-06-24 01:15:54.170503,5778462,4
2022-06-24 02:15:54.170512,7506300,1
2022-06-24 02:15:54.170512,6033565,2
2022-06-24 02:15:54.170512,9022261,3
2022-06-24 02:15:54.170512,431530,4
2022-06-24 03:15:54.170520,1364906,1
2022-06-24 03:15:54.170520,14099238,2
2022-06-24 03:15:54.170520,15456246,3
2022-06-24 03:15:54.170520,5694599,4
2022-06-24 04:15:54.170528,9662849,1
2022-06-24 04:15:54.170528,5598542,2
2022-06-24 04:15:54.170528,15818306,3
2022-06-24 04:15:54.170528,5099682,4
2022-06-24 05:15:54.170536,1256338,1
2022-06-24 05:15:54.170536,2025695,2
2022-06-24 05:15:54.170536,18438026,3
2022-06-24 05:15:54.170536,32818012,4
2022-06-24 06:15:54.170544,3130079,1
2022-06-24 06:15:54.170544,3934457,2
2022-06-24 06:15:54.170544,22308922,3
2022-06-24 06:15:54.170544,22928964,4
2022-06-24 07:15:54.170553,3613853,1
2022-06-24 07:15:54.170553,9869118,2
2022-06-24 07:15:54.170553,16852422,3
2022-06-24 07:15:54.170553,2628847,4
2022-06-24 08:15:54.170561,8728355,1
2022-06-24 08:15:54.170561,8675421,2
2022-06-24 08:15:54.170561,13707969,3
2022-06-24 08:15:54.170561,22967181,4
2022-06-24 09:15:54.170570,6900296,1
2022-06-24 09:15:54.170570,5092034,2
2022-06-24 09:15:54.170570,3265005,3
2022-06-24 09:15:54.170570,10722391,4
2022-06-24 10:15:54.170579,9198636,1
2022-06-24 10:15:54.170579,9275963,2
2022-06-24 10:15:54.170579,21208102,3
2022-06-24 10:15:54.170579,35436797,4
2022-06-24 11:15:54.170587,7904084,1
2022-06-24 11:15:54.170587,7654143,2
2022-06-24 11:15:54.170587,22329361,3
2022-06-24 11:15:54.170587,23263909,4
2022-06-24 12:15:54.170595,7939868,1
2022-06-24 12:15:54.170595,2910757,2
2022-06-24 12:15:54.170595,23617097,3
2022-06-24 12:15:54.170595,15638701,4
2022-06-24 13:15:54.170603,1262849,1
2022-06-24 13:15:54.170603,15125162,2
2022-06-24 13:15:54.170603,12408072,3
2022-06-24 13:15:54.170603,255118,4
2022-06-24 14:15:54.170612,9959808,1
2022-06-24 14:15:54.170612,12145940,2
2022-06-24 14:15:54.170612,26496642,3
2022-06-24 14:15:54.170612,17457887,4
2022-06-24 15:15:54.170620,3536047,1
2022-06-24 15:15:54.170620,3432079,2
2022-06-24 15:15:54.170620,16137308,3
2022-06-24 15:15:54.170620,22205916,4
2022-06-24 16:15:54.170628,2070682,1
2022-06-24 16:15:54.170628,6128372,2
2022-06-24 16:15:54.170628,3597237,3
2022-06-24 16:15:54.170628,30130463,4
2022-06-24 17:15:54.170636,6899800,1
2022-06-24 17:15:54.170636,2308012,2
2022-06-24 17:15:54.170636,14042937,3
2022-06-24 17:15:54.170636,6089757,4
2022-06-24 18:15:54.170645,2611642,1
2022-06-24 18:15:54.170645,15648388,2
2022-06-24 18:15:54.170645,29673658,3
2022-06-24 18:15:54.170645,24098005,4
2022-06-24 19:15:54.170654,8657083,1
2022-06-24 19:15:54.170654,9880978,2
2022-06-24 19:15:54.170654,1711963,3
2022-06-24 19:15:54.170654,27623776,4
2022-06-24 20:15:54.170662,751780,1
2022-06-24 20:15:54.170662,5931788,2
2022-06-24 20:15:54.170662,15863377,3
2022-06-24 20:15:54.170662,18280061,4
2022-06-24 21:15:54.170671,8407698,1
2022-06-24 21:15:54.170671,11319779,2
2022-06-24 21:15:54.170671,17654641,3
2022-06-24 21:15:54.170671,27516549,4
2022-06-24 22:15:54.170679,7318336,1
2022-06-24 22:15:54.170679,3676272,2
2022-06-24 22:15:54.170679,21095092,3
2022-06-24 22:15:54.170679,7171890,4
2022-06-24 23:15:54.170687,9190648,1
2022-06-24 23:15:54.170687,1467427,2
2022-06-24 23:15:54.170687,6899649,3
2022-06-24 23:15:54.170687,21952166,4
2022-06-25 00:15:54.170695,3533212,1
2022-06-25 00:15:54.170695,17180492,2
2022-06-25 00:15:54.170695,5150760,3
2022-06-25 00:15:54.170695,21242042,4
2022-06-25 01:15:54.170703,9835011,1
2022-06-25 01:15:54.170703,19252385,2
2022-06-25 01:15:54.170703,12109561,3
2022-06-25 01:15:54.170703,15132660,4
2022-06-25 02:15:54.170712,9058340,1
2022-06-25 02:15:54.170712,4190678,2
2022-06-25 02:15:54.170712,1400589,3
2022-06-25 02:15:54.170712,23654769,4
2022-06-25 03:15:54.170720,64754,1
2022-06-25 03:15:54.170720,3653922,2
2022-06-25 03:15:54.170720,25205521,3
2022-06-25 03:15:54.170720,28256478,4
2022-06-25 04:15:54.170728,9472910,1
2022-06-25 04:15:54.170728,1006059,2
2022-06-25 04:15:54.170728,20055229,3
2022-06-25 04:15:54.170728,13003785,4
2022-06-25 05:15:54.170736,2256784,1
2022-06-25 05:15:54.170736,7024237,2
2022-06-25 05:15:54.170736,23831731,3
2022-06-25 05:15:54.170736,31803274,4
2022-06-25 06:15:54.170745,7276611,1
2022-06-25 06:15:54.170745,4486185,2
2022-06-25 06:15:54.170745,11461529,3
2022-06-25 06:15:54.170745,8498577,4
2022-06-25 07:15:54.170753,9545984,1
2022-06-25 07:15:54.170753,5825019,2
2022-06-25 07:15:54.170753,12932701,3
2022-06-25 07:15:54.170753,31566545,4
2022-06-25 08:15:54.170762,5610337,1
2022-06-25 08:15:54.170762,10535642,2
2022-06-25 08:15:54.170762,10945636,3
2022-06-25 08:15:54.170762,2671166,4
2022-06-25 09:15:54.170771,380979,1
2022-06-25 09:15:54.170771,17042785,2
2022-06-25 09:15:54.170771,269389,3
2022-06-25 09:15:54.170771,20795065,4
2022-06-25 10:15:54.170779,1685243,1
2022-06-25 10:15:54.170779,10219574,2
2022-06-25 10:15:54.170779,2372485,3
2022-06-25 10:15:54.170779,15942413,4
2022-06-25 11:15:54.170787,1896061,1
2022-06-25 11:15:54.170787,2591960,2
2022-06-25 11:15:54.170787,22748687,3
2022-06-25 11:15:54.170787,10830745,4
2022-06-25 12:15:54.170795,4174156,1
2022-06-25 12:15:54.170795,8936835,2
2022-06-25 12:15:54.170795,16193714,3
2022-06-25 12:15:54.170795,15870321,4
2022-06-25 13:15:54.170825,7046305,1
2022-06-25 13:15:54.170825,6271082,2
2022-06-25 13:15:54.170825,15238279,3
2022-06-25 13:15:54.170825,27841974,4
2022-06-25 14:15:54.170840,7842644,1
2022-06-25 14:15:54.170840,4689970,2
2022-06-25 14:15:54.170840,13634164,3
2022-06-25 14:15:54.170840,33964896,4
2022-06-25 15:15:54.170854,7928601,1
2022-06-25 15:15:54.170854,6677396,2
2022-06-25 15:15:54.170854,5282213,3
2022-06-25 15:15:54.170854,1169474,4
2022-06-25 16:15:54.170868,3932301,1
2022-06-25 16:15:54.170868,415994,2
2022-06-25 16:15:54.170868,27228444,3
2022-06-25 16:15:54.170868,919243,4
2022-06-25 17:15:54.171001,1084821,1
2022-06-25 17:15:54.171001,16843213,2
2022-06-25 17:15:54.171001,23256086,3
2022-06-25 17:15:54.171001,29537963,4
2022-06-25 18:15:54.171011,2207677,1
2022-06-25 18:15:54.171011,427876,2
2022-06-25 18:15:54.171011,23974743,3
2022-06-25 18:15:54.171011,1599719,4
2022-06-25 19:15:54.171020,2018402,1
2022-06-25 19:15:54.171020,19911904,2
2022-06-25 19:15:54.171020,14556939,3
2022-06-25 19:15:54.171020,32751619,4
2022-06-25 20:15:54.171028,5347840,1
2022-06-25 20:15:54.171028,2614812,2
2022-06-25 20:15:54.171028,7187833,3
2022-06-25 20:15:54.171028,7937948,4
2022-06-25 21:15:54.171036,3387634,1
2022-06-25 21:15:54.171036,13943066,2
2022-06-25 21:15:54.171036,20578446,3
2022-06-25 21:15:54.171036,28523285,4
2022-06-25 22:15:54.171044,3346214,1
2022-06-25 22:15:54.171044,3737635,2
2022-06-25 22:15:54.171044,12650616,3
2022-06-25 22:15:54.171044,20478972,4
2022-06-25 23:15:54.171052,5487610,1
2022-06-25 23:15:54.171052,3276661,2
2022-06-25 23:15:54.171052,11918962,3
2022-06-25 23:15:54.171052,3030142,4
2022-06-26 00:15:54.171060,851167,1
2022-06-26 00:15:54.171060,9598443,2
2022-06-26 00:15:54.171060,3642884,3
2022-06-26 00:15:54.171060,24022983,4
2022-06-26 01:15:54.171068,7486332,1
2022-06-26 01:15:54.171068,7959856,2
2022-06-26 01:15:54.171068,8593202,3
2022-06-26 01:15:54.171068,11415939,4
2022-06-26 02:15:54.171076,3959775,1
2022-06-26 02:15:54.171076,9474740,2
2022-06-26 02:15:54.171076,28092612,3
2022-06-26 02:15:54.171076,8255884,4
2022-06-26 03:15:54.171084,1625824,1
2022-06-26 03:15:54.171084,15859186,2
2022-06-26 03:15:54.171084,2882428,3
2022-06-26 03:15:54.171084,35608732,4
2022-06-26 04:15:54.171092,8547565,1
2022-06-26 04:15:54.171092,15636217,2
2022-06-26 04:15:54.171092,29254233,3
2022-06-26 04:15:54.171092,27104133,4
2022-06-26 05:15:54.171101,3300818,1
2022-06-26 05:15:54.171101,7485108,2
2022-06-26 05:15:54.171101,454848,3
2022-06-26 05:15:54.171101,21504523,4
2022-06-26 06:15:54.171110,9705431,1
2022-06-26 06:15:54.171110,914595,2
2022-06-26 06:15:54.171110,20797645,3
2022-06-26 06:15:54.171110,6236937,4
2022-06-26 07:15:54.171118,2722972,1
2022-06-26 07:15:54.171118,2025995,2
2022-06-26 07:15:54.171118,21789026,3
2022-06-26 07:15:54.171118,20958928,4
2022-06-26 08:15:54.171127,1821879,1
2022-06-26 08:15:54.171127,16786823,2
2022-06-26 08:15:54.171127,25285763,3
2022-06-26 08:15:54.171127,420340,4
2022-06-26 09:15:54.171135,600102,1
2022-06-26 09:15:54.171135,4700690,2
2022-06-26 09:15:54.171135,24104813,3
2022-06-26 09:15:54.171135,6077192,4
2022-06-26 10:15:54.171143,1504751,1
2022-06-26 10:15:54.171143,1942441,2
2022-06-26 10:15:54.171143,14343111,3
2022-06-26 10:15:54.171143,10665427,4
2022-06-26 11:15:54.171151,8620466,1
2022-06-26 11:15:54.171151,19762184,2
2022-06-26 11:15:54.171151,10550419,3
2022-06-26 11:15:54.171151,37180765,4
2022-06-26 12:15:54.171160,9031864,1
2022-06-26 12:15:54.171160,7256133,2
2022-06-26 12:15:54.171160,18504366,3
2022-06-26 12:15:54.171160,36066650,4
2022-06-26 13:15:54.171169,9936464,1
2022-06-26 13:15:54.171169,3113648,2
2022-06-26 13:15:54.171169,24025714,3
2022-06-26 13:15:54.171169,15318562,4
2022-06-26 14:15:54.171177,3825604,1
2022-06-26 14:15:54.171177,11518630,2
2022-06-26 14:15:54.171177,14155667,3
2022-06-26 14:15:54.171177,837522,4
2022-06-26 15:15:54.171185,2360989,1
2022-06-26 15:15:54.171185,2837425,2
2022-06-26 15:15:54.171185,6410037,3
2022-06-26 15:15:54.171185,15856225,4
2022-06-26 16:15:54.171194,2335395,1
2022-06-26 16:15:54.171194,10738634,2
2022-06-26 16:15:54.171194,1374496,3
2022-06-26 16:15:54.171194,12385232,4
2022-06-26 17:15:54.171202,7122132,1
2022-06-26 17:15:54.171202,18744695,2
2022-06-26 17:15:54.171202,3443433,3
2022-06-26 17:15:54.171202,24136721,4
2022-06-26 18:15:54.171210,5318039,1
2022-06-26 18:15:54.171210,6676004,2
2022-06-26 18:15:54.171210,11583710,3
2022-06-26 18:15:54.171210,30601219,4
2022-06-26 19:15:54.171219,9918540,1
2022-06-26 19:15:54.171219,2963527,2
2022-06-26 19:15:54.171219,20248860,3
2022-06-26 19:15:54.171219,5076098,4
2022-06-26 20:15:54.171227,7660125,1
2022-06-26 20:15:54.171227,562942,2
2022-06-26 20:15:54.171227,13517612,3
2022-06-26 20:15:54.171227,33949054,4
2022-06-26 21:15:54.171235,5877421,1
2022-06-26 21:15:54.171235,8528006,2
2022-06-26 21:15:54.171235,21224043,3
2022-06-26 21:15:54.171235,35479195,4
2022-06-26 22:15:54.171244,2940352,1
2022-06-26 22:15:54.171244,4607948,2
2022-06-26 22:15:54.171244,5215501,3
2022-06-26 22:15:54.171244,26076738,4
2022-06-26 23:15:54.171252,7768487,1
2022-06-26 23:15:54.171252,5888798,2
2022-06-26 23:15:54.171252,21183605,3
2022-06-26 23:15:54.171252,29339606,4
2022-06-27 00:15:54.171261,2213755,1
2022-06-27 00:15:54.171261,5029037,2
2022-06-27 00:15:54.171261,13705175,3
2022-06-27 00:15:54.171261,29798811,4
2022-06-27 01:15:54.171269,9199682,1
2022-06-27 01:15:54.171269,9386745,2
2022-06-27 01:15:54.171269,24925121,3
2022-06-27 01:15:54.171269,26434699,4
2022-06-27 02:15:54.171277,3644108,1
2022-06-27 02:15:54.171277,1209835,2
2022-06-27 02:15:54.171277,1249708,3
2022-06-27 02:15:54.171277,27286720,4
2022-06-27 03:15:54.171285,9515862,1
2022-06-27 03:15:54.171285,13154925,2
2022-06-27 03:15:54.171285,27911756,3
2022-06-27 03:15:54.171285,25047629,4
2022-06-27 04:15:54.171293,1523646,1
2022-06-27 04:15:54.171293,11488954,2
2022-06-27 04:15:54.171293,2238442,3
2022-06-27 04:15:54.171293,12065577,4
2022-06-27 05:15:54.171302,6725851,1
2022-06-27 05:15:54.171302,13796513,2
2022-06-27 05:15:54.171302,27963284,3
2022-06-27 05:15:54.171302,34551182,4
2022-06-27 06:15:54.171310,5047046,1
2022-06-27 06:15:54.171310,7112811,2
2022-06-27 06:15:54.171310,26019889,3
2022-06-27 06:15:54.171310,24065008,4
2022-06-27 07:15:54.171319,3004305,1
2022-06-27 07:15:54.171319,15582213,2
2022-06-27 07:15:54.171319,25813262,3
2022-06-27 07:15:54.171319,12996927,4
2022-06-27 08:15:54.171327,4461550,1
2022-06-27 08:15:54.171327,12339153,2
2022-06-27 08:15:54.171327,28847439,3
2022-06-27 08:15:54.171327,16437086,4
2022-06-27 09:15:54.171335,9699508,1
2022-06-27 09:15:54.171335,3756249,2
2022-06-27 09:15:54.171335,9513769,3
2022-06-27 09:15:54.171335,15680512,4
2022-06-27 10:15:54.171343,2540198,1
2022-06-27 10:15:54.171343,15299199,2
2022-06-27 10:15:54.171343,15513327,3
2022-06-27 10:15:54.171343,24702119,4
2022-06-27 11:15:54.171357,4223760,1
2022-06-27 11:15:54.171357,2787252,2
2022-06-27 11:15:54.171357,15941241,3
2022-06-27 11:15:54.171357,33346425,4
2022-06-27 12:15:54.171365,8737962,1
2022-06-27 12:15:54.171365,1717710,2
2022-06-27 12:15:54.171365,25133619,3
2022-06-27 12:15:54.171365,31667691,4
2022-06-27 13:15:54.171374,4179592,1
2022-06-27 13:15:54.171374,12608205,2
2022-06-27 13:15:54.171374,21302452,3
2022-06-27 13:15:54.171374,9972356,4
2022-06-27 14:15:54.171382,2146059,1
2022-06-27 14:15:54.171382,1499638,2
2022-06-27 14:15:54.171382,28202097,3
2022-06-27 14:15:54.171382,32883534,4
2022-06-27 15:15:54.171392,6246571,1
2022-06-27 15:15:54.171392,11435939,2
2022-06-27 15:15:54.171392,4427295,3
2022-06-27 15:15:54.171392,26844865,4
2022-06-27 16:15:54.171400,5468347,1
2022-06-27 16:15:54.171400,1019579,2
2022-06-27 16:15:54.171400,27852768,3
2022-06-27 16:15:54.171400,1412405,4
2022-06-27 17:15:54.171409,7124878,1
2022-06-27 17:15:54.171409,2062742,2
2022-06-27 17:15:54.171409,3947955,3
2022-06-27 17:15:54.171409,34868350,4
2022-06-27 18:15:54.171417,440364,1
2022-06-27 18:15:54.171417,9951874,2
2022-06-27 18:15:54.171417,6583099,3
2022-06-27 18:15:54.171417,27685131,4
2022-06-27 19:15:54.171425,5413396,1
2022-06-27 19:15:54.171425,7109293,2
2022-06-27 19:15:54.171425,29954878,3
2022-06-27 19:15:54.171425,31691434,4
2022-06-27 20:15:54.171433,7055793,1
2022-06-27 20:15:54.171433,18910014,2
2022-06-27 20:15:54.171433,21936425,3
2022-06-27 20:15:54.171433,602766,4
2022-06-27 21:15:54.171442,61722,1
2022-06-27 21:15:54.171442,7821910,2
2022-06-27 21:15:54.171442,5106482,3
2022-06-27 21:15:54.171442,14826341,4
2022-06-27 22:15:54.171450,6486224,1
2022-06-27 22:15:54.171450,11884810,2
2022-06-27 22:15:54.171450,28270059,3
2022-06-27 22:15:54.171450,18302474,4
2022-06-27 23:15:54.171459,4217923,1
2022-06-27 23:15:54.171459,11593272,2
2022-06-27 23:15:54.171459,24847822,3
2022-06-27 23:15:54.171459,33539527,4
2022-06-28 00:15:54.171467,3469107,1
2022-06-28 00:15:54.171467,10190379,2
2022-06-28 00:15:54.171467,17123413,3
2022-06-28 00:15:54.171467,14829835,4
2022-06-28 01:15:54.171475,3356922,1
2022-06-28 01:15:54.171475,18563930,2
2022-06-28 01:15:54.171475,15261018,3
2022-06-28 01:15:54.171475,15213926,4
2022-06-28 02:15:54.171486,1562218,1
2022-06-28 02:15:54.171486,5187340,2
2022-06-28 02:15:54.171486,21338777,3
2022-06-28 02:15:54.171486,5306670,4
2022-06-28 03:15:54.171496,8366828,1
2022-06-28 03:15:54.171496,3497345,2
2022-06-28 03:15:54.171496,1178847,3
2022-06-28 03:15:54.171496,34410671,4
2022-06-28 04:15:54.171504,6224634,1
2022-06-28 04:15:54.171504,2960477,2
2022-06-28 04:15:54.171504,16387601,3
2022-06-28 04:15:54.171504,22884783,4
2022-06-28 05:15:54.171512,3887126,1
2022-06-28 05:15:54.171512,183782,2
2022-06-28 05:15:54.171512,3257652,3
2022-06-28 05:15:54.171512,14067438,4
2022-06-28 06:15:54.171520,2417920,1
2022-06-28 06:15:54.171520,5915649,2
2022-06-28 06:15:54.171520,27980643,3
2022-06-28 06:15:54.171520,32065727,4
2022-06-28 07:15:54.171528,5698057,1
2022-06-28 07:15:54.171528,6785887,2
2022-06-28 07:15:54.171528,10430783,3
2022-06-28 07:15:54.171528,8407977,4
2022-06-28 08:15:54.171537,5822732,1
2022-06-28 08:15:54.171537,17302530,2
2022-06-28 08:15:54.171537,16404994,3
2022-06-28 08:15:54.171537,26531493,4
2022-06-28 09:15:54.171546,2393379,1
2022-06-28 09:15:54.171546,12082370,2
2022-06-28 09:15:54.171546,20576580,3
2022-06-28 09:15:54.171546,39089920,4
2022-06-28 10:15:54.171556,4787807,1
2022-06-28 10:15:54.171556,14022981,2
2022-06-28 10:15:54.171556,18412640,3
2022-06-28 10:15:54.171556,13606858,4
2022-06-28 11:15:54.171565,8798112,1
2022-06-28 11:15:54.171565,19112067,2
2022-06-28 11:15:54.171565,27397452,3
2022-06-28 11:15:54.171565,7797367,4
2022-06-28 12:15:54.171573,154908,1
2022-06-28 12:15:54.171573,13149708,2
2022-06-28 12:15:54.171573,8716954,3
2022-06-28 12:15:54.171573,265997,4
2022-06-28 13:15:54.171582,1994302,1
2022-06-28 13:15:54.171582,7367059,2
2022-06-28 13:15:54.171582,6679457,3
2022-06-28 13:15:54.171582,31405859,4
2022-06-28 14:15:54.171590,160131,1
2022-06-28 14:15:54.171590,11507316,2
2022-06-28 14:15:54.171590,20114961,3
2022-06-28 14:15:54.171590,6808129,4
2022-06-28 15:15:54.171599,1068182,1
2022-06-28 15:15:54.171599,6924771,2
2022-06-28 15:15:54.171599,720859,3
2022-06-28 15:15:54.171599,24940879,4
2022-06-28 16:15:54.171608,2534204,1
2022-06-28 16:15:54.171608,8899785,2
2022-06-28 16:15:54.171608,17629529,3
2022-06-28 16:15:54.171608,12572418,4
2022-06-28 17:15:54.171616,4900699,1
2022-06-28 17:15:54.171616,1123524,2
2022-06-28 17:15:54.171616,28480333,3
2022-06-28 17:15:54.171616,35361186,4
2022-06-28 18:15:54.171624,584277,1
2022-06-28 18:15:54.171624,7030078,2
2022-06-28 18:15:54.171624,29560695,3
2022-06-28 18:15:54.171624,12118440,4
2022-06-28 19:15:54.171632,7254832,1
2022-06-28 19:15:54.171632,15270472,2
2022-06-28 19:15:54.171632,8897382,3
2022-06-28 19:15:54.171632,20860486,4
2022-06-28 20:15:54.171640,3479759,1
2022-06-28 20:15:54.171640,5788272,2
2022-06-28 20:15:54.171640,28245401,3
2022-06-28 20:15:54.171640,4600573,4
2022-06-28 21:15:54.171649,1893231,1
2022-06-28 21:15:54.171649,12834254,2
2022-06-28 21:15:54.171649,17844253,3
2022-06-28 21:15:54.171649,31470697,4
2022-06-28 22:15:54.171657,435347,1
2022-06-28 22:15:54.171657,19926072,2
2022-06-28 22:15:54.171657,14917506,3
2022-06-28 22:15:54.171657,9731989,4
2022-06-28 23:15:54.171665,9563304,1
2022-06-28 23:15:54.171665,3198920,2
2022-06-28 23:15:54.171665,17180472,3
2022-06-28 23:15:54.171665,3213148,4
2022-06-29 00:15:54.171674,4887162,1
2022-06-29 00:15:54.171674,3940218,2
2022-06-29 00:15:54.171674,8133426,3
2022-06-29 00:15:54.171674,14792186,4
2022-06-29 01:15:54.171682,3027462,1
2022-06-29 01:15:54.171682,5295313,2
2022-06-29 01:15:54.171682,12347178,3
2022-06-29 01:15:54.171682,19889734,4
2022-06-29 02:15:54.171691,3694855,1
2022-06-29 02:15:54.171691,15686137,2
2022-06-29 02:15:54.171691,25026548,3
2022-06-29 02:15:54.171691,5739022,4
2022-06-29 03:15:54.171699,2662382,1
2022-06-29 03:15:54.171699,8398470,2
2022-06-29 03:15:54.171699,22633418,3
2022-06-29 03:15:54.171699,20987305,4
2022-06-29 04:15:54.171707,5124824,1
2022-06-29 04:15:54.171707,17759778,2
2022-06-29 04:15:54.171707,11300457,3
2022-06-29 04:15:54.171707,18779111,4
2022-06-29 05:15:54.171715,2136675,1
2022-06-29 05:15:54.171715,1225926,2
2022-06-29 05:15:54.171715,21372335,3
2022-06-29 05:15:54.171715,27223652,4
2022-06-29 06:15:54.171724,3194514,1
2022-06-29 06:15:54.171724,3165029,2
2022-06-29 06:15:54.171724,18028760,3
2022-06-29 06:15:54.171724,27497453,4
2022-06-29 07:15:54.171732,1843129,1
2022-06-29 07:15:54.171732,10493149,2
2022-06-29 07:15:54.171732,16432726,3
2022-06-29 07:15:54.171732,31355023,4
2022-06-29 08:15:54.171741,1974312,1
2022-06-29 08:15:54.171741,5829056,2
2022-06-29 08:15:54.171741,21191396,3
2022-06-29 08:15:54.171741,2709346,4
2022-06-29 09:15:54.171749,7106801,1
2022-06-29 09:15:54.171749,16136031,2
2022-06-29 09:15:54.171749,14569606,3
2022-06-29 09:15:54.171749,29076192,4
2022-06-29 10:15:54.171758,2930766,1
2022-06-29 10:15:54.171758,5862114,2
2022-06-29 10:15:54.171758,27035856,3
2022-06-29 10:15:54.171758,11595440,4
2022-06-29 11:15:54.171766,8154784,1
2022-06-29 11:15:54.171766,8055240,2
2022-06-29 11:15:54.171766,20814462,3
2022-06-29 11:15:54.171766,3202038,4
2022-06-29 12:15:54.171774,5545549,1
2022-06-29 12:15:54.171774,1587758,2
2022-06-29 12:15:54.171774,21694604,3
2022-06-29 12:15:54.171774,18341275,4
2022-06-29 13:15:54.171783,2526310,1
2022-06-29 13:15:54.171783,6873682,2
2022-06-29 13:15:54.171783,8432789,3
2022-06-29 13:15:54.171783,13387896,4
2022-06-29 14:15:54.171791,5119128,1
2022-06-29 14:15:54.171791,2819859,2
2022-06-29 14:15:54.171791,24107557,3
2022-06-29 14:15:54.171791,30739590,4
2022-06-29 15:15:54.171814,6455158,1
2022-06-29 15:15:54.171814,2102131,2
2022-06-29 15:15:54.171814,17389552,3
2022-06-29 15:15:54.171814,32394034,4
2022-06-29 16:15:54.171825,150121,1
2022-06-29 16:15:54.171825,6078794,2
2022-06-29 16:15:54.171825,26772633,3
2022-06-29 16:15:54.171825,13833672,4
2022-06-29 17:15:54.171834,7394655,1
2022-06-29 17:15:54.171834,13491330,2
2022-06-29 17:15:54.171834,10005468,3
2022-06-29 17:15:54.171834,37855963,4
2022-06-29 18:15:54.171843,3170427,1
2022-06-29 18:15:54.171843,4652505,2
2022-06-29 18:15:54.171843,3782700,3
2022-06-29 18:15:54.171843,39247713,4
2022-06-29 19:15:54.171854,507048,1
2022-06-29 19:15:54.171854,9401759,2
2022-06-29 19:15:54.171854,13732355,3
2022-06-29 19:15:54.171854,35407384,4
2022-06-29 20:15:54.171862,5261372,1
2022-06-29 20:15:54.171862,12632137,2
2022-06-29 20:15:54.171862,29852730,3
2022-06-29 20:15:54.171862,19706895,4
2022-06-29 21:15:54.171871,8975482,1
2022-06-29 21:15:54.171871,4948015,2
2022-06-29 21:15:54.171871,19062378,3
2022-06-29 21:15:54.171871,23183697,4
2022-06-29 22:15:54.171880,235913,1
2022-06-29 22:15:54.171880,7698151,2
2022-06-29 22:15:54.171880,27250311,3
2022-06-29 22:15:54.171880,7805844,4
2022-06-29 23:15:54.171888,8241359,1
2022-06-29 23:15:54.171888,19992164,2
2022-06-29 23:15:54.171888,4278116,3
2022-06-29 23:15:54.171888,7917419,4
2022-06-30 00:15:54.171896,897199,1
2022-06-30 00:15:54.171896,12714037,2
2022-06-30 00:15:54.171896,21823927,3
2022-06-30 00:15:54.171896,24945294,4
2022-06-30 01:15:54.171905,3641184,1
2022-06-30 01:15:54.171905,9307348,2
2022-06-30 01:15:54.171905,23322325,3
2022-06-30 01:15:54.171905,34937091,4
2022-06-30 02:15:54.171913,5136470,1
2022-06-30 02:15:54.171913,13464955,2
2022-06-30 02:15:54.171913,18719749,3
2022-06-30 02:15:54.171913,35760655,4
2022-06-30 03:15:54.171922,2354467,1
2022-06-30 03:15:54.171922,11840128,2
2022-06-30 03:15:54.171922,25706788,3
2022-06-30 03:15:54.171922,25126761,4
2022-06-30 04:15:54.171931,9351911,1
2022-06-30 04:15:54.171931,11044393,2
2022-06-30 04:15:54.171931,20739406,3
2022-06-30 04:15:54.171931,16059314,4
2022-06-30 05:15:54.171939,4809933,1
2022-06-30 05:15:54.171939,13712573,2
2022-06-30 05:15:54.171939,11198866,3
2022-06-30 05:15:54.171939,8095767,4
2022-06-30 06:15:54.171947,3591363,1
2022-06-30 06:15:54.171947,16176585,2
2022-06-30 06:15:54.171947,4859132,3
2022-06-30 06:15:54.171947,17934419,4
2022-06-30 07:15:54.171956,2730269,1
2022-06-30 07:15:54.171956,4065916,2
2022-06-30 07:15:54.171956,5753707,3
2022-06-30 07:15:54.171956,31048047,4
2022-06-30 08:15:54.171965,4565747,1
2022-06-30 08:15:54.171965,15543734,2
2022-06-30 08:15:54.171965,26562070,3
2022-06-30 08:15:54.171965,27437235,4
2022-06-30 09:15:54.171973,9068898,1
2022-06-30 09:15:54.171973,15317521,2
2022-06-30 09:15:54.171973,22787305,3
2022-06-30 09:15:54.171973,18132778,4
2022-06-30 10:15:54.171982,8826971,1
2022-06-30 10:15:54.171982,1014406,2
2022-06-30 10:15:54.171982,6360703,3
2022-06-30 10:15:54.171982,34331229,4
2022-06-30 11:15:54.171990,6270321,1
2022-06-30 11:15:54.171990,6012348,2
2022-06-30 11:15:54.171990,8906041,3
2022-06-30 11:15:54.171990,22154315,4
2022-06-30 12:15:54.171998,9976032,1
2022-06-30 12:15:54.171998,10044408,2
2022-06-30 12:15:54.171998,18291245,3
2022-06-30 12:15:54.171998,4053911,4
2022-06-30 13:15:54.172007,8851627,1
2022-06-30 13:15:54.172007,11343040,2
2022-06-30 13:15:54.172007,28449413,3
2022-06-30 13:15:54.172007,2677565,4
2022-06-30 14:15:54.172015,1928724,1
2022-06-30 14:15:54.172015,4681671,2
2022-06-30 14:15:54.172015,24831270,3
2022-06-30 14:15:54.172015,20999697,4
2022-06-30 15:15:54.172024,5404652,1
2022-06-30 15:15:54.172024,7677171,2
2022-06-30 15:15:54.172024,12121165,3
2022-06-30 15:15:54.172024,34429977,4
2022-06-30 16:15:54.172032,4264006,1
2022-06-30 16:15:54.172032,18429385,2
2022-06-30 16:15:54.172032,25033243,3
2022-06-30 16:15:54.172032,23981046,4
2022-06-30 17:15:54.172040,852671,1
2022-06-30 17:15:54.172040,7577779,2
2022-06-30 17:15:54.172040,28421569,3
2022-06-30 17:15:54.172040,29975371,4
2022-06-30 18:15:54.172048,1376551,1
2022-06-30 18:15:54.172048,18285126,2
2022-06-30 18:15:54.172048,1153042,3
2022-06-30 18:15:54.172048,20017166,4
2022-06-30 19:15:54.172056,3929518,1
2022-06-30 19:15:54.172056,765689,2
2022-06-30 19:15:54.172056,10770378,3
2022-06-30 19:15:54.172056,34619718,4
2022-06-30 20:15:54.172065,9283392,1
2022-06-30 20:15:54.172065,8465047,2
2022-06-30 20:15:54.172065,8866099,3
2022-06-30 20:15:54.172065,2753456,4
2022-06-30 21:15:54.172073,7920510,1
2022-06-30 21:15:54.172073,11342455,2
2022-06-30 21:15:54.172073,10296084,3
2022-06-30 21:15:54.172073,33609605,4
2022-06-30 22:15:54.172081,1090084,1
2022-06-30 22:15:54.172081,17579580,2
2022-06-30 22:15:54.172081,22463918,3
2022-06-30 22:15:54.172081,9371808,4
2022-06-30 23:15:54.172090,583693,1
2022-06-30 23:15:54.172090,15720434,2
2022-06-30 23:15:54.172090,14055546,3
2022-06-30 23:15:54.172090,14548422,4
2022-07-01 00:15:54.172098,9640900,1
2022-07-01 00:15:54.172098,3624572,2
2022-07-01 00:15:54.172098,8276362,3
2022-07-01 00:15:54.172098,18501672,4
2022-07-01 01:15:54.172106,7185649,1
2022-07-01 01:15:54.172106,15636530,2
2022-07-01 01:15:54.172106,19406305,3
2022-07-01 01:15:54.172106,7639155,4
2022-07-01 02:15:54.172115,8570571,1
2022-07-01 02:15:54.172115,11085394,2
2022-07-01 02:15:54.172115,23797255,3
2022-07-01 02:15:54.172115,12459997,4
2022-07-01 03:15:54.172123,2462662,1
2022-07-01 03:15:54.172123,12185076,2
2022-07-01 03:15:54.172123,7347737,3
2022-07-01 03:15:54.172123,12821341,4
2022-07-01 04:15:54.172132,2238826,1
2022-07-01 04:15:54.172132,1233186,2
2022-07-01 04:15:54.172132,14753676,3
2022-07-01 04:15:54.172132,15115544,4
2022-07-01 05:15:54.172140,8753661,1
2022-07-01 05:15:54.172140,7692822,2
2022-07-01 05:15:54.172140,12501087,3
2022-07-01 05:15:54.172140,10057395,4
2022-07-01 06:15:54.172149,7127507,1
2022-07-01 06:15:54.172149,16805146,2
2022-07-01 06:15:54.172149,11555114,3
2022-07-01 06:15:54.172149,23503862,4
2022-07-01 07:15:54.172158,11090,1
2022-07-01 07:15:54.172158,14373790,2
2022-07-01 07:15:54.172158,5534673,3
2022-07-01 07:15:54.172158,28293313,4
2022-07-01 08:15:54.172166,5015063,1
2022-07-01 08:15:54.172166,18135645,2
2022-07-01 08:15:54.172166,5398161,3
2022-07-01 08:15:54.172166,31919177,4
2022-07-01 09:15:54.172174,3085066,1
2022-07-01 09:15:54.172174,13564556,2
2022-07-01 09:15:54.172174,19925760,3
2022-07-01 09:15:54.172174,6254534,4
2022-07-01 10:15:54.172182,2117080,1
2022-07-01 10:15:54.172182,7346705,2
2022-07-01 10:15:54.172182,9492678,3
2022-07-01 10:15:54.172182,10852974,4
2022-07-01 11:15:54.172191,2681109,1
2022-07-01 11:15:54.172191,13146336,2
2022-07-01 11:15:54.172191,25043140,3
2022-07-01 11:15:54.172191,9631305,4
2022-07-01 12:15:54.172200,2005870,1
2022-07-01 12:15:54.172200,16827221,2
2022-07-01 12:15:54.172200,17719534,3
2022-07-01 12:15:54.172200,7838056,4
2022-07-01 13:15:54.172208,9406743,1
2022-07-01 13:15:54.172208,19904658,2
2022-07-01 13:15:54.172208,417943,3
2022-07-01 13:15:54.172208,39531239,4
2022-07-01 14:15:54.172217,6580795,1
2022-07-01 14:15:54.172217,6601539,2
2022-07-01 14:15:54.172217,862840,3
2022-07-01 14:15:54.172217,1180525,4
2022-07-01 15:15:54.172226,8023743,1
2022-07-01 15:15:54.172226,11354152,2
2022-07-01 15:15:54.172226,9684938,3
2022-07-01 15:15:54.172226,5045553,4
2022-07-01 16:15:54.172234,4661397,1
2022-07-01 16:15:54.172234,358421,2
2022-07-01 16:15:54.172234,20642581,3
2022-07-01 16:15:54.172234,8890230,4
2022-07-01 17:15:54.172242,417910,1
2022-07-01 17:15:54.172242,4925335,2
2022-07-01 17:15:54.172242,25155019,3
2022-07-01 17:15:54.172242,16242404,4
2022-07-01 18:15:54.172250,9903761,1
2022-07-01 18:15:54.172250,1241155,2
2022-07-01 18:15:54.172250,26981280,3
2022-07-01 18:15:54.172250,26411389,4
2022-07-01 19:15:54.172259,9769573,1
2022-07-01 19:15:54.172259,18827288,2
2022-07-01 19:15:54.172259,9862556,3
2022-07-01 19:15:54.172259,24602889,4
